target,target_col,horizon,model,regime,rmse,mae,oos_r2,row_count,train_end,test_start,test_end,fold_id
Wage,wage_target_3,3,Persistence,pre,0.6893322041642227,0.5867693020680242,0.0,14,2012-09-01,2012-10-01,2014-05-01,1
Wage,wage_target_3,3,OLS,pre,0.5198563677113232,0.41410981905114735,0.43126546644508756,14,2012-09-01,2012-10-01,2014-05-01,1
Wage,wage_target_3,3,Ridge,pre,0.5178812147181426,0.41146621337629014,0.43557897982949245,14,2012-09-01,2012-10-01,2014-05-01,1
Wage,wage_target_3,3,ElasticNet,pre,0.5229162155832683,0.41975254266827217,0.42455067849359684,14,2012-09-01,2012-10-01,2014-05-01,1
Wage,wage_target_3,3,Huber,pre,0.5218545593278568,0.419436789311039,0.4268849308296575,14,2012-09-01,2012-10-01,2014-05-01,1
Wage,wage_target_3,3,RandomForest,pre,0.5767199024840752,0.4637083356456081,0.30004077510132354,14,2012-09-01,2012-10-01,2014-05-01,1
Wage,wage_target_3,3,GradientBoosting,pre,0.4960719752306311,0.38290981996460344,0.482116291400409,14,2012-09-01,2012-10-01,2014-05-01,1
Wage,wage_target_3,3,Persistence,pre,0.5156144074705796,0.40325877456952597,0.0,14,2014-05-01,2014-06-01,2017-06-01,2
Wage,wage_target_3,3,OLS,pre,0.41027035808534545,0.35352096851329623,0.3668739356572134,14,2014-05-01,2014-06-01,2017-06-01,2
Wage,wage_target_3,3,Ridge,pre,0.4088742366863242,0.350093556990091,0.3711755717312666,14,2014-05-01,2014-06-01,2017-06-01,2
Wage,wage_target_3,3,ElasticNet,pre,0.4081625110126129,0.34109092678756664,0.3733628504840034,14,2014-05-01,2014-06-01,2017-06-01,2
Wage,wage_target_3,3,Huber,pre,0.40730893501738547,0.3299082853592669,0.37598103869905475,14,2014-05-01,2014-06-01,2017-06-01,2
Wage,wage_target_3,3,RandomForest,pre,0.45832249806862696,0.3035060627492673,0.2098814381021491,14,2014-05-01,2014-06-01,2017-06-01,2
Wage,wage_target_3,3,GradientBoosting,pre,0.5174353341005337,0.4559607796565443,-0.0070756052017793,14,2014-05-01,2014-06-01,2017-06-01,2
Wage,wage_target_3,3,Persistence,post,0.2969980257351617,0.2784802434205427,0.0,2,2024-03-01,2024-06-01,2024-07-01,1
Wage,wage_target_3,3,OLS,post,0.2786797961863175,0.2773760299375374,0.11955173154187893,2,2024-03-01,2024-06-01,2024-07-01,1
Wage,wage_target_3,3,Ridge,post,0.3303641495876614,0.2870882844203335,-0.23731050503303242,2,2024-03-01,2024-06-01,2024-07-01,1
Wage,wage_target_3,3,ElasticNet,post,0.3209949946833121,0.28631606506735463,-0.1681252081212854,2,2024-03-01,2024-06-01,2024-07-01,1
Wage,wage_target_3,3,Huber,post,0.4715613259886948,0.39889685233781713,-1.5209790445881919,2,2024-03-01,2024-06-01,2024-07-01,1
Wage,wage_target_3,3,RandomForest,post,0.4441218981566874,0.3459667822880317,-1.2361310382639359,2,2024-03-01,2024-06-01,2024-07-01,1
Wage,wage_target_3,3,GradientBoosting,post,0.45205661521858415,0.35609540489497804,-1.3167465931302682,2,2024-03-01,2024-06-01,2024-07-01,1
Wage,wage_target_3,3,Persistence,post,0.4431484507225595,0.4375904352424518,0.0,2,2024-07-01,2024-09-01,2024-11-01,2
Wage,wage_target_3,3,OLS,post,0.45301254080593345,0.41064759902722403,-0.045013687850706585,2,2024-07-01,2024-09-01,2024-11-01,2
Wage,wage_target_3,3,Ridge,post,0.3389163229158129,0.33206022482579534,0.41509342802685056,2,2024-07-01,2024-09-01,2024-11-01,2
Wage,wage_target_3,3,ElasticNet,post,0.3640772219885995,0.3537673499815581,0.32502366455892395,2,2024-07-01,2024-09-01,2024-11-01,2
Wage,wage_target_3,3,Huber,post,0.6382407592597895,0.5901221902618368,-1.0742953824659796,2,2024-07-01,2024-09-01,2024-11-01,2
Wage,wage_target_3,3,RandomForest,post,0.4522549067830337,0.4468101837997922,-0.04152117588712345,2,2024-07-01,2024-09-01,2024-11-01,2
Wage,wage_target_3,3,GradientBoosting,post,0.45637509112435876,0.4509801142363601,-0.06058479039119491,2,2024-07-01,2024-09-01,2024-11-01,2
Wage,wage_target_3,3,Persistence,post,0.621088361272558,0.45671077915487857,0.0,2,2024-11-01,2024-12-01,2025-02-01,3
Wage,wage_target_3,3,OLS,post,0.7974123408366512,0.7545428034336368,-0.6483867813194197,2,2024-11-01,2024-12-01,2025-02-01,3
Wage,wage_target_3,3,Ridge,post,0.7110699548461192,0.6524436297869287,-0.31074399050996737,2,2024-11-01,2024-12-01,2025-02-01,3
Wage,wage_target_3,3,ElasticNet,post,0.7468049842276693,0.6995616894529533,-0.44579804664253597,2,2024-11-01,2024-12-01,2025-02-01,3
Wage,wage_target_3,3,Huber,post,0.8385838969583358,0.8035769534307784,-0.8229982642038345,2,2024-11-01,2024-12-01,2025-02-01,3
Wage,wage_target_3,3,RandomForest,post,0.4571363020154062,0.45671077915487857,0.4582678134481113,2,2024-11-01,2024-12-01,2025-02-01,3
Wage,wage_target_3,3,GradientBoosting,post,0.46338076047119814,0.45671077915487857,0.4433666615587897,2,2024-11-01,2024-12-01,2025-02-01,3
Wage,wage_target_3,3,Persistence,post,0.209906156928504,0.16848998939460458,0.0,2,2025-02-01,2025-06-01,2025-09-01,4
Wage,wage_target_3,3,OLS,post,0.613767769481231,0.5878731017813692,-7.549836362352744,2,2025-02-01,2025-06-01,2025-09-01,4
Wage,wage_target_3,3,Ridge,post,0.5571320690987689,0.5295434696415766,-6.044756077749468,2,2025-02-01,2025-06-01,2025-09-01,4
Wage,wage_target_3,3,ElasticNet,post,0.531337761372141,0.5009540199005538,-5.407535315320514,2,2025-02-01,2025-06-01,2025-09-01,4
Wage,wage_target_3,3,Huber,post,0.5890306678623115,0.5633675373124092,-6.874544815266418,2,2025-02-01,2025-06-01,2025-09-01,4
Wage,wage_target_3,3,RandomForest,post,0.7177027943668733,0.6971434713872835,-10.690657022593381,2,2025-02-01,2025-06-01,2025-09-01,4
Wage,wage_target_3,3,GradientBoosting,post,0.7565588419610214,0.6910116864424878,-11.990775204746278,2,2025-02-01,2025-06-01,2025-09-01,4
Wage,wage_target_6,6,Persistence,pre,0.33094166913044615,0.2508769411019397,0.0,11,2015-11-01,2016-01-01,2018-04-01,1
Wage,wage_target_6,6,OLS,pre,0.1992235200163553,0.1741824694712138,0.6376082413874571,11,2015-11-01,2016-01-01,2018-04-01,1
Wage,wage_target_6,6,Ridge,pre,0.20164791790146142,0.17506164798734156,0.6287345135517189,11,2015-11-01,2016-01-01,2018-04-01,1
Wage,wage_target_6,6,ElasticNet,pre,0.20880855636980852,0.17736802507257252,0.6018986267245952,11,2015-11-01,2016-01-01,2018-04-01,1
Wage,wage_target_6,6,Huber,pre,0.1952795617841522,0.17494188351973053,0.651814502776545,11,2015-11-01,2016-01-01,2018-04-01,1
Wage,wage_target_6,6,RandomForest,pre,0.23469880036383786,0.18650752018178726,0.4970569240352748,11,2015-11-01,2016-01-01,2018-04-01,1
Wage,wage_target_6,6,GradientBoosting,pre,0.4010748027383243,0.32184007196247094,-0.46874990392632054,11,2015-11-01,2016-01-01,2018-04-01,1
Wage,wage_target_6,6,Persistence,post,0.6200886599950558,0.4799015180356745,0.0,2,2022-12-01,2023-02-01,2023-07-01,1
Wage,wage_target_6,6,OLS,post,0.8646334957481041,0.6727945718929964,-0.9442698147393052,2,2022-12-01,2023-02-01,2023-07-01,1
Wage,wage_target_6,6,Ridge,post,0.6583407623676432,0.5031747445461934,-0.12718165971182094,2,2022-12-01,2023-02-01,2023-07-01,1
Wage,wage_target_6,6,ElasticNet,post,0.7458962690573671,0.5902637965225976,-0.4469358975320423,2,2022-12-01,2023-02-01,2023-07-01,1
Wage,wage_target_6,6,Huber,post,0.9844119733134828,0.7992362904635859,-1.520264931096552,2,2022-12-01,2023-02-01,2023-07-01,1
Wage,wage_target_6,6,RandomForest,post,0.7864062124163036,0.6813444442317242,-0.6083712188752692,2,2022-12-01,2023-02-01,2023-07-01,1
Wage,wage_target_6,6,GradientBoosting,post,0.7912800661303176,0.6869640920846452,-0.6283691726425167,2,2022-12-01,2023-02-01,2023-07-01,1
Wage,wage_target_6,6,Persistence,post,0.5331884359956064,0.5331395222247788,0.0,2,2023-07-01,2023-11-01,2023-12-01,2
Wage,wage_target_6,6,OLS,post,0.35155438590686144,0.3312490788588638,0.5652660096225857,2,2023-07-01,2023-11-01,2023-12-01,2
Wage,wage_target_6,6,Ridge,post,0.21613201298761686,0.19340163846078773,0.8356851732064893,2,2023-07-01,2023-11-01,2023-12-01,2
Wage,wage_target_6,6,ElasticNet,post,0.23610429291152563,0.21605644069685725,0.8039141189758411,2,2023-07-01,2023-11-01,2023-12-01,2
Wage,wage_target_6,6,Huber,post,0.4049773093019257,0.38391113710375935,0.42310079861076744,2,2023-07-01,2023-11-01,2023-12-01,2
Wage,wage_target_6,6,RandomForest,post,0.41487410045716705,0.4148112355141409,0.39455986928329934,2,2023-07-01,2023-11-01,2023-12-01,2
Wage,wage_target_6,6,GradientBoosting,post,0.40907345597430084,0.4090096994710306,0.41137167550009757,2,2023-07-01,2023-11-01,2023-12-01,2
Wage,wage_target_6,6,Persistence,post,0.174987192666464,0.16968130685497407,0.0,2,2023-12-01,2024-03-01,2024-05-01,3
Wage,wage_target_6,6,OLS,post,0.20509647438293205,0.20303690401434915,-0.3737378432829386,2,2023-12-01,2024-03-01,2024-05-01,3
Wage,wage_target_6,6,Ridge,post,0.22781100848661975,0.22609721448882603,-0.6948719244472701,2,2023-12-01,2024-03-01,2024-05-01,3
Wage,wage_target_6,6,ElasticNet,post,0.2238591844464292,0.22106489587328415,-0.6365802538052201,2,2023-12-01,2024-03-01,2024-05-01,3
Wage,wage_target_6,6,Huber,post,0.2902711011287382,0.2875605557605514,-1.7516619169738217,2,2023-12-01,2024-03-01,2024-05-01,3
Wage,wage_target_6,6,RandomForest,post,0.49413390484347847,0.4922799449648396,-6.974010078048839,2,2023-12-01,2024-03-01,2024-05-01,3
Wage,wage_target_6,6,GradientBoosting,post,0.19747757678478012,0.19279165342802163,-0.273570677206314,2,2023-12-01,2024-03-01,2024-05-01,3
Wage,wage_target_6,6,Persistence,post,0.5860124856185557,0.5226500831589043,0.0,2,2024-05-01,2024-07-01,2025-03-01,4
Wage,wage_target_6,6,OLS,post,0.4788614567606381,0.4133655962636571,0.3322621010106007,2,2024-05-01,2024-07-01,2025-03-01,4
Wage,wage_target_6,6,Ridge,post,0.5574376203181466,0.45223603905005305,0.09514537287567426,2,2024-05-01,2024-07-01,2025-03-01,4
Wage,wage_target_6,6,ElasticNet,post,0.5755709100474066,0.4489856945276638,0.035318535979673604,2,2024-05-01,2024-07-01,2025-03-01,4
Wage,wage_target_6,6,Huber,post,0.49862592927220883,0.38920908283591915,0.2760043131082417,2,2024-05-01,2024-07-01,2025-03-01,4
Wage,wage_target_6,6,RandomForest,post,0.7643194980311101,0.5489721240539058,-0.7011246549222763,2,2024-05-01,2024-07-01,2025-03-01,4
Wage,wage_target_6,6,GradientBoosting,post,0.9177372478042968,0.7046891967551825,-1.4525788497340346,2,2024-05-01,2024-07-01,2025-03-01,4
Wage,wage_target_6,6,Persistence,post,0.4082256357273016,0.4075862368940084,0.0,2,2025-03-01,2025-08-01,2025-09-01,5
Wage,wage_target_6,6,OLS,post,0.0935483573786157,0.08841961364887951,0.9474864009257864,2,2025-03-01,2025-08-01,2025-09-01,5
Wage,wage_target_6,6,Ridge,post,0.20223459294444363,0.20103287590598073,0.7545797792701203,2,2025-03-01,2025-08-01,2025-09-01,5
Wage,wage_target_6,6,ElasticNet,post,0.18093131955765915,0.1798919512688295,0.8035613444618643,2,2025-03-01,2025-08-01,2025-09-01,5
Wage,wage_target_6,6,Huber,post,0.151941607395934,0.14936728817271905,0.8614671129933544,2,2025-03-01,2025-08-01,2025-09-01,5
Wage,wage_target_6,6,RandomForest,post,0.42610804461703494,0.42549551881049497,-0.08952931227741345,2,2025-03-01,2025-08-01,2025-09-01,5
Wage,wage_target_6,6,GradientBoosting,post,0.27120788166478804,0.2702444928533436,0.5586287252660566,2,2025-03-01,2025-08-01,2025-09-01,5
Wage,wage_target_12,12,Persistence,post,0.19982239943318045,0.19337433861508657,0.0,5,2022-11-01,2024-01-01,2024-10-01,1
Wage,wage_target_12,12,OLS,post,0.6438251201386717,0.6184873452569735,-9.381198514359486,5,2022-11-01,2024-01-01,2024-10-01,1
Wage,wage_target_12,12,Ridge,post,0.6418886549197391,0.611551861175905,-9.318844321957105,5,2022-11-01,2024-01-01,2024-10-01,1
Wage,wage_target_12,12,ElasticNet,post,1.3002422235122455,1.2667870116475324,-41.340910303914114,5,2022-11-01,2024-01-01,2024-10-01,1
Wage,wage_target_12,12,Huber,post,0.4348704473043066,0.40236576285457043,-3.736215459229456,5,2022-11-01,2024-01-01,2024-10-01,1
Wage,wage_target_12,12,RandomForest,post,0.6927806160875022,0.6909483523000599,-11.01996259403309,5,2022-11-01,2024-01-01,2024-10-01,1
Wage,wage_target_12,12,GradientBoosting,post,0.703549062687432,0.7017449159972253,-11.396538637817311,5,2022-11-01,2024-01-01,2024-10-01,1
CPI,cpi_target_6,6,Persistence,post,0.4580969010405056,0.4580969010405056,0.0,1,2024-02-01,2024-03-01,2024-03-01,1
CPI,cpi_target_6,6,OLS,post,0.07619260073238188,0.07619260073238188,0.9723362603895467,1,2024-02-01,2024-03-01,2024-03-01,1
CPI,cpi_target_6,6,Ridge,post,0.6521760230954192,0.6521760230954192,-1.0268189149697813,1,2024-02-01,2024-03-01,2024-03-01,1
CPI,cpi_target_6,6,ElasticNet,post,0.2879972710479839,0.2879972710479839,0.604758956303243,1,2024-02-01,2024-03-01,2024-03-01,1
CPI,cpi_target_6,6,Huber,post,0.18520299770713855,0.18520299770713855,0.8365513581818246,1,2024-02-01,2024-03-01,2024-03-01,1
CPI,cpi_target_6,6,RandomForest,post,1.9063410706653579,1.9063410706653579,-16.317552038222214,1,2024-02-01,2024-03-01,2024-03-01,1
CPI,cpi_target_6,6,GradientBoosting,post,1.8851610218300552,1.8851610218300552,-15.934882802100553,1,2024-02-01,2024-03-01,2024-03-01,1
CPI,cpi_target_6,6,Persistence,post,0.6072857277477084,0.6072857277477084,0.0,1,2024-03-01,2024-05-01,2024-05-01,2
CPI,cpi_target_6,6,OLS,post,1.1381470913119067,1.1381470913119067,-2.5124539286743546,1,2024-03-01,2024-05-01,2024-05-01,2
CPI,cpi_target_6,6,Ridge,post,0.3836993099378738,0.3836993099378738,0.6007950781442946,1,2024-03-01,2024-05-01,2024-05-01,2
CPI,cpi_target_6,6,ElasticNet,post,0.7647788643230657,0.7647788643230657,-0.585935808638002,1,2024-03-01,2024-05-01,2024-05-01,2
CPI,cpi_target_6,6,Huber,post,1.0408787976810259,1.0408787976810259,-1.9377455376145725,1,2024-03-01,2024-05-01,2024-05-01,2
CPI,cpi_target_6,6,RandomForest,post,1.0352464216231336,1.0352464216231336,-1.9060382539096903,1,2024-03-01,2024-05-01,2024-05-01,2
CPI,cpi_target_6,6,GradientBoosting,post,1.0907070651274093,1.0907070651274093,-2.225745525089062,1,2024-03-01,2024-05-01,2024-05-01,2
CPI,cpi_target_6,6,Persistence,post,0.2680913271131402,0.2680913271131402,0.0,1,2024-05-01,2024-12-01,2024-12-01,3
CPI,cpi_target_6,6,OLS,post,0.2188165270151119,0.2188165270151119,0.33381521071891396,1,2024-05-01,2024-12-01,2024-12-01,3
CPI,cpi_target_6,6,Ridge,post,0.31075462735997084,0.31075462735997084,-0.34359902339640147,1,2024-05-01,2024-12-01,2024-12-01,3
CPI,cpi_target_6,6,ElasticNet,post,0.16469269506518458,0.16469269506518458,0.6226162950415444,1,2024-05-01,2024-12-01,2024-12-01,3
CPI,cpi_target_6,6,Huber,post,0.05817664077371809,0.05817664077371809,0.9529096680156297,1,2024-05-01,2024-12-01,2024-12-01,3
CPI,cpi_target_6,6,RandomForest,post,0.678205476936308,0.678205476936308,-5.399662279628837,1,2024-05-01,2024-12-01,2024-12-01,3
CPI,cpi_target_6,6,GradientBoosting,post,0.7020001329981791,0.7020001329981791,-5.856600715618463,1,2024-05-01,2024-12-01,2024-12-01,3
CPI,cpi_target_6,6,Persistence,post,0.1646083195659287,0.1646083195659287,0.0,1,2024-12-01,2025-08-01,2025-08-01,4
CPI,cpi_target_6,6,OLS,post,0.6357084370068868,0.6357084370068868,-13.914626704797067,1,2024-12-01,2025-08-01,2025-08-01,4
CPI,cpi_target_6,6,Ridge,post,0.3422531942606786,0.3422531942606786,-3.3230619342896572,1,2024-12-01,2025-08-01,2025-08-01,4
CPI,cpi_target_6,6,ElasticNet,post,0.09742410470854956,0.09742410470854956,0.6497087539450681,1,2024-12-01,2025-08-01,2025-08-01,4
CPI,cpi_target_6,6,Huber,post,0.4605990735472205,0.4605990735472205,-6.82965376302576,1,2024-12-01,2025-08-01,2025-08-01,4
CPI,cpi_target_6,6,RandomForest,post,0.43168738096158865,0.43168738096158865,-5.8775719814045235,1,2024-12-01,2025-08-01,2025-08-01,4
CPI,cpi_target_6,6,GradientBoosting,post,0.46421164674920234,0.46421164674920234,-6.952954578438386,1,2024-12-01,2025-08-01,2025-08-01,4
PCE,pce_target_6,6,Persistence,post,0.47547269356105204,0.47547269356105204,0.0,1,2024-10-01,2025-02-01,2025-02-01,1
PCE,pce_target_6,6,OLS,post,0.47260224516903016,0.47260224516903016,0.012037637167041648,1,2024-10-01,2025-02-01,2025-02-01,1
PCE,pce_target_6,6,Ridge,post,0.6515431967358891,0.6515431967358891,-0.8777391786997251,1,2024-10-01,2025-02-01,2025-02-01,1
PCE,pce_target_6,6,ElasticNet,post,0.509428967644896,0.509428967644896,-0.14793186739338382,1,2024-10-01,2025-02-01,2025-02-01,1
PCE,pce_target_6,6,Huber,post,0.28407573589786717,0.28407573589786717,0.6430419997489932,1,2024-10-01,2025-02-01,2025-02-01,1
PCE,pce_target_6,6,RandomForest,post,1.888019163007562,1.888019163007562,-14.7674562682166,1,2024-10-01,2025-02-01,2025-02-01,1
PCE,pce_target_6,6,GradientBoosting,post,1.8776593512239934,1.8776593512239934,-14.594894753283791,1,2024-10-01,2025-02-01,2025-02-01,1
PCE,pce_target_6,6,Persistence,post,0.7043930847597579,0.7043930847597579,0.0,1,2025-02-01,2025-06-01,2025-06-01,2
PCE,pce_target_6,6,OLS,post,0.3438410142274102,0.3438410142274102,0.7617213170458164,1,2025-02-01,2025-06-01,2025-06-01,2
PCE,pce_target_6,6,Ridge,post,0.21258440728298655,0.21258440728298655,0.9089179816873633,1,2025-02-01,2025-06-01,2025-06-01,2
PCE,pce_target_6,6,ElasticNet,post,0.25648352936773877,0.25648352936773877,0.8674167089855098,1,2025-02-01,2025-06-01,2025-06-01,2
PCE,pce_target_6,6,Huber,post,0.2443962198222387,0.2443962198222387,0.879618763193658,1,2025-02-01,2025-06-01,2025-06-01,2
PCE,pce_target_6,6,RandomForest,post,0.9361415908875927,0.9361415908875927,-0.7662530043132914,1,2025-02-01,2025-06-01,2025-06-01,2
PCE,pce_target_6,6,GradientBoosting,post,0.9647263789320468,0.9647263789320468,-0.8757637564073584,1,2025-02-01,2025-06-01,2025-06-01,2
PCE,pce_target_6,6,Persistence,post,0.26204368600559746,0.26204368600559746,0.0,1,2025-06-01,2025-07-01,2025-07-01,3
PCE,pce_target_6,6,OLS,post,0.4658719588538549,0.4658719588538549,-2.1607179439412505,1,2025-06-01,2025-07-01,2025-07-01,3
PCE,pce_target_6,6,Ridge,post,0.39110763436774176,0.39110763436774176,-1.227640921870084,1,2025-06-01,2025-07-01,2025-07-01,3
PCE,pce_target_6,6,ElasticNet,post,0.4141495572283942,0.4141495572283942,-1.4978537301051364,1,2025-06-01,2025-07-01,2025-07-01,3
PCE,pce_target_6,6,Huber,post,0.42644561585514307,0.42644561585514307,-1.6483776146369529,1,2025-06-01,2025-07-01,2025-07-01,3
PCE,pce_target_6,6,RandomForest,post,0.5895359376606368,0.5895359376606368,-4.061429237716419,1,2025-06-01,2025-07-01,2025-07-01,3
PCE,pce_target_6,6,GradientBoosting,post,0.5628981275676468,0.5628981275676468,-3.614367804393426,1,2025-06-01,2025-07-01,2025-07-01,3
PCE,pce_target_12,12,Persistence,post,0.6006460731616088,0.5915903207546277,0.0,3,2022-06-01,2023-04-01,2024-07-01,1
PCE,pce_target_12,12,OLS,post,13.791974535726345,13.775443155755724,-526.2488109650351,3,2022-06-01,2023-04-01,2024-07-01,1
PCE,pce_target_12,12,Ridge,post,1.2249487859539763,1.0138195241783183,-3.1590924958756563,3,2022-06-01,2023-04-01,2024-07-01,1
PCE,pce_target_12,12,ElasticNet,post,1.1319953125294249,0.9805777718442429,-2.5518283773082255,3,2022-06-01,2023-04-01,2024-07-01,1
PCE,pce_target_12,12,Huber,post,1.2069795519685085,1.034377446522307,-3.037964912422515,3,2022-06-01,2023-04-01,2024-07-01,1
PCE,pce_target_12,12,RandomForest,post,2.9437463733049767,2.941911982495789,-23.019474109087152,3,2022-06-01,2023-04-01,2024-07-01,1
PCE,pce_target_12,12,GradientBoosting,post,2.9304380736767257,2.9285953469300368,-22.80278710504474,3,2022-06-01,2023-04-01,2024-07-01,1
